{"cameraMode":{"drawMode":0,"name":"Shaded","section":"Shading Mode"},"sceneLighting":true,"audioPlay":false,"sceneViewState":{"m_AlwaysRefresh":false,"showFog":true,"showSkybox":true,"showFlares":true,"showImageEffects":true,"showParticleSystems":true,"showVisualEffectGraphs":true,"m_FxEnabled":false},"in2DMode":false,"pivot":{"x":-2.5045056343078615,"y":1.1429895162582398,"z":0.009976718574762345},"rotation":{"x":0.03630917891860008,"y":0.7145744562149048,"z":-0.03719150647521019,"w":0.6976266503334045},"size":3.054273843765259,"orthographic":false}