{"cameraMode":{"drawMode":0,"name":"Shaded","section":"Shading Mode"},"sceneLighting":true,"audioPlay":false,"sceneViewState":{"m_AlwaysRefresh":false,"showFog":true,"showSkybox":true,"showFlares":true,"showImageEffects":true,"showParticleSystems":true,"showVisualEffectGraphs":true,"m_FxEnabled":false},"in2DMode":false,"pivot":{"x":19.861799240112306,"y":-1.9531323909759522,"z":-4.965782642364502},"rotation":{"x":-0.05302843824028969,"y":-0.21342657506465913,"z":0.011602702550590039,"w":-0.9754515886306763},"size":12.12435531616211,"orthographic":false}