{"cameraMode":{"drawMode":0,"name":"Shaded","section":"Shading Mode"},"sceneLighting":true,"audioPlay":false,"sceneViewState":{"m_AlwaysRefresh":false,"showFog":true,"showSkybox":true,"showFlares":true,"showImageEffects":true,"showParticleSystems":true,"showVisualEffectGraphs":true,"m_FxEnabled":false},"in2DMode":false,"pivot":{"x":0.24575182795524598,"y":0.7881881594657898,"z":-0.0873151421546936},"rotation":{"x":0.009077964350581169,"y":0.9915850162506104,"z":-0.09694880992174149,"w":0.0885184183716774},"size":1.1581366062164307,"orthographic":true}