{"cameraMode":{"drawMode":0,"name":"Shaded","section":"Shading Mode"},"sceneLighting":true,"audioPlay":false,"sceneViewState":{"m_AlwaysRefresh":false,"showFog":true,"showSkybox":true,"showFlares":true,"showImageEffects":true,"showParticleSystems":true,"showVisualEffectGraphs":true,"m_FxEnabled":false},"in2DMode":false,"pivot":{"x":0.24575182795524598,"y":0.7881881594657898,"z":-0.0873151421546936},"rotation":{"x":-0.02572685293853283,"y":0.9740981459617615,"z":-0.15927280485630036,"w":-0.1601988673210144},"size":1.9013845920562745,"orthographic":true}