{"cameraMode":{"drawMode":0,"name":"Shaded","section":"Shading Mode"},"sceneLighting":true,"audioPlay":false,"sceneViewState":{"m_AlwaysRefresh":false,"showFog":true,"showSkybox":true,"showFlares":true,"showImageEffects":true,"showParticleSystems":true,"showVisualEffectGraphs":true,"m_FxEnabled":false},"in2DMode":false,"pivot":{"x":-0.4969591796398163,"y":1.2222169637680054,"z":-0.15096352994441987},"rotation":{"x":-0.055217672139406207,"y":0.8264594674110413,"z":-0.08234697580337525,"w":-0.5541994571685791},"size":1.3586612939834595,"orthographic":false}