{"cameraMode":{"drawMode":0,"name":"Shaded","section":"Shading Mode"},"sceneLighting":true,"audioPlay":false,"sceneViewState":{"m_AlwaysRefresh":false,"showFog":true,"showSkybox":true,"showFlares":true,"showImageEffects":true,"showParticleSystems":true,"showVisualEffectGraphs":true,"m_FxEnabled":false},"in2DMode":false,"pivot":{"x":-0.24039024114608766,"y":1.0344674587249756,"z":-0.5568562150001526},"rotation":{"x":-0.031007403507828714,"y":0.7237585783004761,"z":-0.03259110823273659,"w":-0.688586950302124},"size":4.013697624206543,"orthographic":true}