{"cameraMode":{"drawMode":0,"name":"Shaded","section":"Shading Mode"},"sceneLighting":true,"audioPlay":false,"sceneViewState":{"m_AlwaysRefresh":false,"showFog":true,"showSkybox":true,"showFlares":true,"showImageEffects":true,"showParticleSystems":true,"showVisualEffectGraphs":true,"m_FxEnabled":false},"in2DMode":false,"pivot":{"x":0.3388547897338867,"y":0.9656760096549988,"z":-0.07919801771640778},"rotation":{"x":0.0007383852498605847,"y":0.9992604851722717,"z":0.007477319333702326,"w":-0.044417332857847217},"size":0.8510317802429199,"orthographic":true}