{"cameraMode":{"drawMode":0,"name":"Shaded","section":"Shading Mode"},"sceneLighting":false,"audioPlay":false,"sceneViewState":{"m_AlwaysRefresh":false,"showFog":true,"showSkybox":false,"showFlares":true,"showImageEffects":true,"showParticleSystems":true,"showVisualEffectGraphs":true,"m_FxEnabled":false},"in2DMode":false,"pivot":{"x":0.267355352640152,"y":0.9435387253761292,"z":-0.1514628529548645},"rotation":{"x":0.0035051589366048576,"y":0.9852425456047058,"z":-0.17165407538414002,"w":0.01825118251144886},"size":1.15571129322052,"orthographic":true}